query,NDCG@10
1006728,0.1810202677553097
1107704,0.2444521888215188
1129560,0.3274203645906369
300025,0.2603497235141518
30611,0.2375835084056881
337656,0.089847113575985
596569,0.07788360274770177
629937,0.33333333333333337
647362,0.2674859484828555
661905,0.11004588314904008
845121,0.10293618450406906
935353,0.22074034042269783
935964,0.3080008808817342
952284,0.2189980585263155
975079,0.029843011203480777
